<?xml version="1.0" encoding="UTF-8"?>
<project-private xmlns="http://www.netbeans.org/ns/project-private/1">
    <open-files xmlns="http://www.netbeans.org/ns/projectui-open-files/2">
        <group>
            <file>file:/media/codemint/HDD/Joki/PtPudding/src/booting/Main.java</file>
            <file>file:/media/codemint/HDD/Joki/PtPudding/src/swing/FrmMenu.java</file>
            <file>file:/media/codemint/HDD/Joki/PtPudding/src/config/dao/MenuDao.java</file>
            <file>file:/media/codemint/HDD/Joki/PtPudding/src/config/Model.java</file>
            <file>file:/media/codemint/HDD/Joki/PtPudding/src/config/server/KoneksiDB.java</file>
            <file>file:/media/codemint/HDD/Joki/PtPudding/src/config/entity/Menu.java</file>
        </group>
    </open-files>
</project-private>
